{"cameraMode":{"drawMode":0,"name":"Shaded","section":"Shading Mode"},"sceneLighting":false,"audioPlay":false,"sceneViewState":{"showFog":true,"showMaterialUpdate":false,"showSkybox":false,"showFlares":true,"showImageEffects":true,"showParticleSystems":true},"in2DMode":false,"pivot":{"x":0.15017032623291017,"y":0.9706118106842041,"z":0.4324222803115845},"rotation":{"x":-0.2527522146701813,"y":0.7437956929206848,"z":-0.47707462310791018,"w":-0.3940604329109192},"size":0.8660253882408142,"orthographic":false}