{"cameraMode":{"drawMode":0,"name":"Shaded","section":"Shading Mode"},"sceneLighting":true,"audioPlay":false,"sceneViewState":{"showFog":true,"showMaterialUpdate":false,"showSkybox":true,"showFlares":true,"showImageEffects":true,"showParticleSystems":true},"in2DMode":false,"pivot":{"x":17.493305206298829,"y":-17.12990379333496,"z":5.084808349609375},"rotation":{"x":0.3347100019454956,"y":0.5086937546730042,"z":-0.22368474304676057,"w":0.7610757946968079},"size":21.2132625579834,"orthographic":false}