{"cameraMode":{"drawMode":0,"name":"Shaded","section":"Shading Mode"},"sceneLighting":false,"audioPlay":false,"sceneViewState":{"showFog":true,"showMaterialUpdate":false,"showSkybox":false,"showFlares":true,"showImageEffects":true,"showParticleSystems":true},"in2DMode":false,"pivot":{"x":0.10522045940160752,"y":1.6065565347671509,"z":0.19006448984146119},"rotation":{"x":0.19866392016410829,"y":-0.10928404331207276,"z":0.022288953885436059,"w":0.9737470149993897},"size":1.4660253524780274,"orthographic":false}