{"cameraMode":{"drawMode":0,"name":"Shaded","section":"Shading Mode"},"sceneLighting":true,"audioPlay":false,"sceneViewState":{"showFog":true,"showMaterialUpdate":false,"showSkybox":true,"showFlares":true,"showImageEffects":true,"showParticleSystems":true},"in2DMode":false,"pivot":{"x":1.7245875597000123,"y":2.131502628326416,"z":1.8631582260131837},"rotation":{"x":0.32419759035110476,"y":-0.09135400503873825,"z":0.03144527226686478,"w":0.9410889148712158},"size":4.07080078125,"orthographic":false}